,micro_f1,macro_f1,hamming_loss,accuracy
0,0.6371681415929205,0.32098234717227847,0.08723404255319149,0.46808510638297873
