,micro_f1,macro_f1,hamming_loss,accuracy
0,0.46153846153846156,0.17555555555555555,0.07446808510638298,0.3191489361702128
