,parent_micro_f1,parent_macro_f1,child_micro_f1,child_macro_f1
0,0.3555555555555555,0.13333333333333333,0.3636363636363636,0.29676653171390016
