,micro_f1,macro_f1,hamming_loss,accuracy
0,0.5106382978723404,0.4796296296296297,0.31363636363636366,0.06818181818181818
