,micro_f1,macro_f1,hamming_loss,accuracy
0,0.49599999999999994,0.42908763756916973,0.2863636363636364,0.2727272727272727
