,micro_f1,macro_f1,hamming_loss,accuracy
0,0.6868686868686869,0.5671794871794873,0.14761904761904762,0.5238095238095238
