,micro_f1,macro_f1,hamming_loss,accuracy
0,0.5066666666666666,0.2174603174603175,0.06851851851851852,0.35185185185185186
