,parent_micro_f1,parent_macro_f1,child_micro_f1,child_macro_f1
0,0.5833333333333334,0.16097865045971638,0.3125,0.1725689747652546
