,micro_f1,macro_f1,hamming_loss,accuracy
0,0.29629629629629634,0.2,0.17272727272727273,0.18181818181818182
