,micro_f1,macro_f1,hamming_loss,accuracy
0,0.7846153846153845,0.5725326770426589,0.05185185185185185,0.5740740740740741
