,micro_f1,macro_f1,hamming_loss,accuracy
0,0.898876404494382,0.9156228363551018,0.04285714285714286,0.8333333333333334
