,micro_f1,macro_f1,hamming_loss,accuracy
0,0.02777777777777778,0.01666666666666667,0.10144927536231885,0.014492753623188406
