,micro_f1,macro_f1,hamming_loss,accuracy
0,0.40875912408759124,0.19714285714285712,0.11739130434782609,0.2608695652173913
