,micro_f1,macro_f1,hamming_loss,accuracy
0,0.625,0.4848302574618364,0.11428571428571428,0.47619047619047616
