,micro_f1,macro_f1,hamming_loss,accuracy
0,0.7272727272727273,0.597197005892658,0.12857142857142856,0.5952380952380952
