,micro_f1,macro_f1,hamming_loss,accuracy
0,0.762589928057554,0.5889889274211725,0.06111111111111111,0.5185185185185185
