,parent_micro_f1,parent_macro_f1,child_micro_f1,child_macro_f1
0,0.5555555555555555,0.17552447552447553,0.2842639593908629,0.11227535790435576
