,micro_f1,macro_f1,hamming_loss,accuracy
0,0.896551724137931,0.8376518218623483,0.04285714285714286,0.8571428571428571
