,micro_f1,macro_f1,hamming_loss,accuracy
0,0.3333333333333333,0.12111111111111113,0.12753623188405797,0.30434782608695654
