,parent_micro_f1,parent_macro_f1,child_micro_f1,child_macro_f1
0,0.577319587628866,0.42431372549019597,0.3603603603603603,0.3071608391608392
