,parent_micro_f1,parent_macro_f1,child_micro_f1,child_macro_f1
0,0.5522388059701493,0.2284080298786181,0.26627218934911245,0.18241672926018063
