,micro_f1,macro_f1,hamming_loss,accuracy
0,0.6865671641791045,0.5381818181818182,0.1,0.5238095238095238
