,micro_f1,macro_f1,hamming_loss,accuracy
0,0.6776859504132232,0.34738791423001947,0.08297872340425531,0.40425531914893614
