,parent_micro_f1,parent_macro_f1,child_micro_f1,child_macro_f1
0,0.4705882352941176,0.3012263099219621,0.38647342995169076,0.3267242140688989
